{"Keys":["com.unity.services.vivox.server","com.unity.services.vivox.domain","com.unity.services.vivox.issuer","com.unity.services.vivox.is-environment-custom","com.unity.services.vivox.is-test-mode","com.unity.services.core.environment-name","com.unity.services.wire.version","com.unity.services.wire.initializer-assembly-qualified-names","com.unity.services.vivox.version","com.unity.services.vivox.initializer-assembly-qualified-names","com.unity.services.qos.version","com.unity.services.qos.initializer-assembly-qualified-names","com.unity.services.multiplayer.version","com.unity.services.multiplayer.initializer-assembly-qualified-names","com.unity.services.core.version","com.unity.services.core.initializer-assembly-qualified-names","com.unity.services.cloudsave.version","com.unity.services.cloudsave.initializer-assembly-qualified-names","com.unity.services.authentication.version","com.unity.services.authentication.initializer-assembly-qualified-names","com.unity.services.core.all-package-names","com.unity.services.core.cloud-environment"],"Values":[{"m_Value":"https://unity.vivox.com/appconfig/20066-proje-77531-udash","m_IsReadOnly":false},{"m_Value":"mtu1xp.vivox.com","m_IsReadOnly":false},{"m_Value":"20066-proje-77531-udash","m_IsReadOnly":false},{"m_Value":"False","m_IsReadOnly":false},{"m_Value":"False","m_IsReadOnly":false},{"m_Value":"production","m_IsReadOnly":false},{"m_Value":"1.4.0","m_IsReadOnly":true},{"m_Value":"Unity.Services.Wire.Internal.WireServiceProvider, Unity.Services.Wire.Internal, Version=0.0.0.0, Culture=neutral, PublicKeyToken=null","m_IsReadOnly":true},{"m_Value":"16.6.0","m_IsReadOnly":true},{"m_Value":"Unity.Services.Vivox.VivoxPackageInitializer, Unity.Services.Vivox, Version=0.0.0.0, Culture=neutral, PublicKeyToken=null","m_IsReadOnly":true},{"m_Value":"1.3.0","m_IsReadOnly":true},{"m_Value":"Unity.Services.Qos.QosPackageInitializer, Unity.Services.QoS, Version=0.0.0.0, Culture=neutral, PublicKeyToken=null","m_IsReadOnly":true},{"m_Value":"1.1.2","m_IsReadOnly":true},{"m_Value":"Unity.Services.Multiplayer.MultiplayerInitializer, Unity.Services.Multiplayer, Version=0.0.0.0, Culture=neutral, PublicKeyToken=null","m_IsReadOnly":true},{"m_Value":"1.14.0","m_IsReadOnly":true},{"m_Value":"Unity.Services.Core.Registration.CorePackageInitializer, Unity.Services.Core.Registration, Version=0.0.0.0, Culture=neutral, PublicKeyToken=null;Unity.Services.Core.Internal.IInitializablePackageV2, Unity.Services.Core.Internal, Version=0.0.0.0, Culture=neutral, PublicKeyToken=null","m_IsReadOnly":true},{"m_Value":"3.2.2","m_IsReadOnly":true},{"m_Value":"Unity.Services.CloudSave.CloudSaveInitializer, Unity.Services.CloudSave, Version=0.0.0.0, Culture=neutral, PublicKeyToken=null","m_IsReadOnly":true},{"m_Value":"3.4.1","m_IsReadOnly":true},{"m_Value":"Unity.Services.Authentication.PlayerAccounts.PlayerAccountsPackageInitializer, Unity.Services.Authentication.PlayerAccounts, Version=0.0.0.0, Culture=neutral, PublicKeyToken=null;Unity.Services.Authentication.AuthenticationPackageInitializer, Unity.Services.Authentication, Version=0.0.0.0, Culture=neutral, PublicKeyToken=null","m_IsReadOnly":true},{"m_Value":"com.unity.services.wire;com.unity.services.vivox;com.unity.services.qos;com.unity.services.multiplayer;com.unity.services.core;com.unity.services.cloudsave;com.unity.services.authentication","m_IsReadOnly":false},{"m_Value":"production","m_IsReadOnly":false}]}